fix_cofs_RSS,cofs_RSS,h2_RSS,unexpl_RSS
0.118494241841907,0.118494241841907,0.91084801646203,1
0.118494241841907,0.262256291717091,0.901482949113202,1
0.118494241841907,0.30407967307089,0.889998028007777,1
0.118494241841907,0.3163437007118,0.895393955779409,1
0.118494241841907,0.336892834398521,0.89248664155206,1
0.118494241841907,0.364817252608117,0.887069188895231,1
0.118494241841907,0.376309924796474,0.894559999570254,1
0.118494241841907,0.387706332060043,0.904786926431851,1
0.118494241841907,0.417924373203448,0.897180279729961,1
0.118494241841907,0.432541169418876,0.891432520761959,1
0.118494241841907,0.432541169418876,0.891432520761959,1
0.118494241841907,0.417924373203448,0.897180279729961,1
0.118494241841907,0.387706332060043,0.904786926431855,1
0.118494241841907,0.358682196378649,0.909408508098368,1
0.118494241841907,0.346206006063024,0.90193371291363,1
0.118494241841907,0.336892834398521,0.89248664155206,1
0.118494241841907,0.3163437007118,0.895393955779409,1
0.118494241841907,0.30407967307089,0.889998028007777,1
0.118494241841907,0.262256291717091,0.901482949113202,1
0.118494241841907,0.118494241841907,0.91084801646203,1
