fix_cofs_RSS,cofs_RSS,h2_RSS,unexpl_RSS
0.00991007178402625,0.00991007178402625,0.009955019756591,1
0.00991007178402625,0.0717523820954056,0.0717945225588866,1
0.00991007178402625,0.0717523820954054,0.0717945225588863,1
0.00991007178402625,0.00991007178402625,0.009955019756591,1
