fix_cofs_RSS,cofs_RSS,h2_RSS,unexpl_RSS
0.174246728041772,0.174246728041772,0.995796868557837,1
0.174246728041772,0.469953066898989,0.956195006921637,1
0.174246728041772,0.54548529311474,0.924379075411533,1
0.174246728041772,0.608718792758409,0.90858512372046,1
0.174246728041772,0.642163932944321,0.889036548248777,1
0.174246728041772,0.673875135150024,0.890377020578209,1
0.174246728041772,0.709739586455778,0.867364943497648,1
0.174246728041772,0.727449953970358,0.864263635395848,1
0.174246728041772,0.744835540454595,0.853252143746084,1
0.174246728041772,0.761700952695093,0.83064278783667,1
0.174246728041772,0.761700952695093,0.830642787836669,1
0.174246728041772,0.744835540454595,0.853252143746084,1
0.174246728041772,0.727449953970358,0.864263635395853,1
0.174246728041772,0.709739586455778,0.867364943497646,1
0.174246728041772,0.673875135150024,0.890377020578209,1
0.174246728041772,0.642163932944321,0.889036548248776,1
0.174246728041772,0.608718792758409,0.908585123720463,1
0.174246728041772,0.54548529311474,0.924379075411533,1
0.174246728041772,0.469953066898989,0.956195006921638,1
0.174246728041772,0.174246728041772,0.995796868557838,1
