fix_cofs_RSS,cofs_RSS,h2_RSS,unexpl_RSS
0.344984168392526,0.344984168392526,0.9655167463812,1
0.344984168392526,0.553339253548275,0.944490922456562,1
0.344984168392526,0.598552025920147,0.933913766032077,1
0.344984168392526,0.63097344355148,0.92117824653933,1
0.344984168392526,0.643514142117347,0.929185260344683,1
0.344984168392526,0.655123031156945,0.92668136660576,1
0.344984168392526,0.664798571773008,0.925817962044735,1
0.344984168392526,0.669082978352736,0.928883522944258,1
0.344984168392526,0.679448558856615,0.932890224805465,1
0.344984168392526,0.688450912031062,0.934877980054352,1
0.344984168392526,0.688450912031062,0.93487798005435,1
0.344984168392526,0.677674962188513,0.930280982867149,1
0.344984168392526,0.668399599844465,0.93081371190364,1
0.344984168392526,0.66446152839928,0.927627537474855,1
0.344984168392526,0.652505920822377,0.930320881268038,1
0.344984168392526,0.640359563897302,0.92647122004249,1
0.344984168392526,0.63097344355148,0.92117824653933,1
0.344984168392526,0.598552025920146,0.933913766032076,1
0.344984168392526,0.553339253548276,0.944490922456564,1
0.344984168392526,0.344984168392526,0.965516746381201,1
